<?xml version="1.0" encoding="UTF-8"?>
<beans xmlns="http://www.springframework.org/schema/beans"
	   xmlns:xsi="http://www.w3.org/2001/XMLSchema-instance"
	   xmlns:aop="http://www.springframework.org/schema/aop" 
	   xmlns:context="http://www.springframework.org/schema/context"
	   xmlns:p="http://www.springframework.org/schema/p" 
	   xmlns:tx="http://www.springframework.org/schema/tx" 
	   xsi:schemaLocation="http://www.springframework.org/schema/beans
	   	http://www.springframework.org/schema/beans/spring-beans-4.0.xsd
	    http://www.springframework.org/schema/aop
	   	http://www.springframework.org/schema/aop/spring-aop-4.0.xsd 
	    http://www.springframework.org/schema/context 
		http://www.springframework.org/schema/context/spring-context-4.0.xsd  
		http://www.springframework.org/schema/tx 
		http://www.springframework.org/schema/tx/spring-tx-4.0.xsd">
		<context:property-placeholder location="/WEB-INF/dataSource.properties"/>
		<context:component-scan base-package="com.shop" use-default-filters="false">
            <context:include-filter type="annotation" expression="org.springframework.stereotype.Repository"/> 
            <context:include-filter type="annotation" expression="org.springframework.stereotype.Service"/> 
         </context:component-scan>		
		<bean id="sessionFactory" class="org.springframework.orm.hibernate4.LocalSessionFactoryBean"
				 p:dataSource-ref="dataSource"
				 p:configLocation="${hibernate.config}"
				 p:packagesToScan="com.shop.entity" />
				 
		<bean id="dataSource" class="com.mchange.v2.c3p0.ComboPooledDataSource" 
				destroy-method="close" 
				p:driverClass="${app.jdbc.driverClassName}"
				p:jdbcUrl="${app.jdbc.url}"
				p:user="${app.jdbc.username}"
				p:password="${app.jdbc.password}"
				p:acquireIncrement="50"
				p:idleConnectionTestPeriod="50"
				p:maxPoolSize="100"
				p:maxStatements="100"
				p:minPoolSize="10" />
				
		<!-- 配置事务管理 -->
	   <bean id="transactionManager" class="org.springframework.orm.hibernate4.HibernateTransactionManager"
	       p:sessionFactory-ref="sessionFactory" />
	   
	   <tx:advice id="txAdvice" transaction-manager="transactionManager">
	       <tx:attributes>
	            <tx:method name="insert*" propagation="REQUIRED" />
				<tx:method name="update*" propagation="REQUIRED" />
				<tx:method name="edit*" propagation="REQUIRED" />
				<tx:method name="save*" propagation="REQUIRED" />
				<tx:method name="add*" propagation="REQUIRED" />
				<tx:method name="new*" propagation="REQUIRED" />
				<tx:method name="set*" propagation="REQUIRED" />
				<tx:method name="remove*" propagation="REQUIRED" />
				<tx:method name="delete*" propagation="REQUIRED" />
				<tx:method name="change*" propagation="REQUIRED" />
				<tx:method name="get*" propagation="REQUIRED" read-only="true" />
				<tx:method name="find*" propagation="REQUIRED" read-only="true" />
				<tx:method name="load*" propagation="REQUIRED" read-only="true" />
				<tx:method name="*" propagation="REQUIRED" read-only="true" />
	       </tx:attributes>
	   </tx:advice>
       <aop:config>
	       <aop:pointcut id="serviceOperation" expression="execution(public * com.shop.service.*.*(..))" />
	       <aop:advisor advice-ref="txAdvice" pointcut-ref="serviceOperation" />
	   </aop:config>	   
</beans>
