<?xml version="1.0" encoding="UTF-8"?>
<beans xmlns="http://www.springframework.org/schema/beans"
	   xmlns:context="http://www.springframework.org/schema/context"
	   xmlns:mvc="http://www.springframework.org/schema/mvc" 
	   xmlns:xsi="http://www.w3.org/2001/XMLSchema-instance"
	   xmlns:tx="http://www.springframework.org/schema/tx"
	   xmlns:p="http://www.springframework.org/schema/p" 
	   xsi:schemaLocation="http://www.springframework.org/schema/beans 
		http://www.springframework.org/schema/beans/spring-beans-4.0.xsd 
		http://www.springframework.org/schema/context 
		http://www.springframework.org/schema/context/spring-context-4.0.xsd 
		http://www.springframework.org/schema/mvc 
		http://www.springframework.org/schema/mvc/spring-mvc-4.0.xsd
		http://www.springframework.org/schema/tx 
		http://www.springframework.org/schema/tx/spring-tx-4.0.xsd">

	<mvc:resources mapping="/resources/**" location="/resources/" />
	<mvc:annotation-driven />
	<context:component-scan base-package="com.shop.controller"/>
	
	<tx:annotation-driven transaction-manager="transactionManager"/>
	<bean class="org.springframework.web.servlet.view.InternalResourceViewResolver">
		<property name="prefix" value="/WEB-INF/view/" />
		<property name="suffix" value=".jsp" />
	</bean>
	
	<!-- 输出对象转JSON支持bytx --> 
	<bean id="stringConverter" class="org.springframework.http.converter.StringHttpMessageConverter">  
        <property name="supportedMediaTypes">  
            <list>  
                <value>text/plain;charset=UTF-8</value>  
            </list>  
        </property>  
    </bean>
	<bean id="jsonConverter"  
        class="org.springframework.http.converter.json.MappingJacksonHttpMessageConverter"></bean>  
    <bean  
        class="org.springframework.web.servlet.mvc.annotation.AnnotationMethodHandlerAdapter">  
        <property name="messageConverters">  
            <list>  
                <ref bean="stringConverter"/>  
                <ref bean="jsonConverter" />  
            </list>  
        </property>  
    </bean>
    <!-- 数据验证bytx -->
    <!-- 默认的注解映射的支持 -->  
    <mvc:annotation-driven validator="validator" conversion-service="conversion-service" />
    
    <bean id="validator" class="org.springframework.validation.beanvalidation.LocalValidatorFactoryBean">
        <property name="providerClass"  value="org.hibernate.validator.HibernateValidator"/>
        <!--不设置则默认为classpath下的 ValidationMessages.properties -->
        <property name="validationMessageSource" ref="validatemessageSource"/>
    </bean>
    <bean id="conversion-service" class="org.springframework.format.support.FormattingConversionServiceFactoryBean" />
    <bean id="validatemessageSource" class="org.springframework.context.support.ReloadableResourceBundleMessageSource">  
        <property name="basename" value="classpath:validatemessages"/>  
        <property name="fileEncodings" value="utf-8"/>  
        <property name="cacheSeconds" value="120"/>  
    </bean>
</beans>
