<?xml version="1.0" encoding="UTF-8"?>
<!DOCTYPE hibernate-configuration PUBLIC
		"-//Hibernate/Hibernate Configuration DTD 3.0//EN"
		"http://hibernate.sourceforge.net/hibernate-configuration-3.0.dtd">
<hibernate-configuration>
  <session-factory>
	    <!-- 设置数据库方言 -->
		<property name="hibernate.dialect">org.hibernate.dialect.MySQL5Dialect</property>
		<!-- 设置自动创建|更新|验证数据库表结构 -->
		<property name="hibernate.hbm2ddl.auto">update</property>
		<!-- 是否在控制台显示sql -->
		<property name="hibernate.show_sql">true</property>
		 <!-- 是否格式化sql，优化显示 -->
		<property name="hibernate.format_sql">true</property>
		<!-- 是否开启二级缓存 -->
		<property name="hibernate.cache.use_second_level_cache">true</property>
		<!-- 是否开启查询缓存 -->
		<property name="hibernate.cache.use_query_cache">ture</property>
		<!-- 数据库批量查询最大数 -->
		<property name="hibernate.jdbc.fetch_size">50</property>
	 	<!-- 数据库批量更新、添加、删除操作最大数 -->
		<property name="hibernate.jdbc.batch_size">50</property>
		<!-- 是否自动提交事务 -->
		<property name="hibernate.connection.autocommit">true</property>
		 <!-- 指定hibernate在何时释放JDBC连接 -->
		<property name="hibernate.connection.release_mode">auto</property>
		 <!-- 创建session方式 hibernate4.x 的方式 -->
		<property name="current_session_context_class">org.springframework.orm.hibernate4.SpringSessionContext</property>
		
		<property name="javax.persistence.validation.mode">none</property>
  </session-factory>
</hibernate-configuration>